{"ethanol.sdf_constrained": -10.218528466037261, "ethanol.sdf_unconstrained": -10.1986233272869, "methane_multiconformer.sdf_constrained": 2.010152673226848, "methane_multiconformer.sdf_unconstrained": 2.015757888195977, "CID20742535_anion.sdf_constrained": 276.3207204425016, "CID20742535_anion.sdf_unconstrained": 276.3902212310695}