{"ethanol.sdf_constrained": -10.218466677044418, "ethanol.sdf_unconstrained": -10.198561552956757, "methane_multiconformer.sdf_constrained": 2.0119485713874554, "methane_multiconformer.sdf_unconstrained": 2.0175533558944263, "CID20742535_anion.sdf_constrained": 276.1593524884936, "CID20742535_anion.sdf_unconstrained": 276.22885133679705}