{"ethanol.sdf_constrained": -10.218365198534997, "ethanol.sdf_unconstrained": -10.19846007444734, "methane_multiconformer.sdf_constrained": 2.0119485713874554, "methane_multiconformer.sdf_unconstrained": 2.0175533558944263, "CID20742535_anion.sdf_constrained": 276.16103271162683, "CID20742535_anion.sdf_unconstrained": 276.2305315599303}